Remove-Item -Recurse -Force .\Backend\.gitHeader,Kurtosis,Standard Error,Maximum value,Skewness,Minimum value,Range,Count,Summation,Variance,Standard Deviation,Median,Mean
ADF,-0.017137132365943497,0.0005570790495748514,0.216606317,-0.006189107186172255,-0.184131183,0.40073749999999997,8000,0.02745430300000118,0.0024823862027342834,0.04982355068373071,0.0004241825,3.4317878750001475e-06
ADF,-0.006225267248376465,0.0005605139960071655,0.186600705,-0.03297718514136013,-0.195860912,0.38246161700000003,8000,2.1518795069999994,0.002513093341819646,0.05013076243006529,0.0005419775000000001,0.00026898493837499993
ADF,-0.005605703734006262,0.0005553827837575182,0.195462412,-0.020467272472013708,-0.173024883,0.368487295,8000,5.760107588999999,0.0024672918419175074,0.04967184153942259,0.000767004,0.0007200134486249998
ADF,-0.04718025473462273,0.0005559393170562003,0.189579733,-0.022365573105346072,-0.17217359,0.36175332299999996,8000,0.9374292119999992,0.002472239125467066,0.04972161627971346,0.000262167,0.0001171786514999999
ADF,-0.08678201143356201,0.0005591118018402127,0.191134863,0.02796880944247465,-0.173874049,0.36500891199999996,8000,0.4580559980000003,0.0025005354496491165,0.050005354209815535,0.0001769615,5.725699975000004e-05
ADF,0.09432403222236374,0.000561271044573756,0.185791831,0.01660875959110106,-0.207816686,0.393608517,8000,2.5395352240000006,0.0025198864586298457,0.05019847068018951,-0.0007129739999999999,0.0003174419030000001
ADF,-0.03308217723804807,0.000558106559717557,0.182020513,0.007205685666201,-0.188914128,0.37093464099999995,8000,3.8901997810000006,0.0024915519730661357,0.049915448240661284,0.0009527825000000001,0.0004862749726250001
ADF,0.09395817763089376,0.0005658055090623917,0.22376912,-0.02920376367183773,-0.208859534,0.432628654,8000,5.352385677,0.002560766856808733,0.050604020164496145,0.000997781,0.000669048209625
ADF,-0.06379598490293859,0.0005666922632972548,0.181390962,0.004551537664901503,-0.190864215,0.372255177,8000,-5.241840829999999,0.0025687998301264408,0.05068332891717395,-0.0007078099999999999,-0.0006552301037499999
ADF,-0.03987047658340748,0.0005513550621929492,0.167415895,0.021357484782615257,-0.202179786,0.369595681,8000,1.9657038480000009,0.0024316352444417213,0.04931161368726156,-8.26e-05,0.0002457129810000001
ADF,0.05346155837193045,0.000554926838086048,0.186822715,0.015367722707701644,-0.17924678,0.36606949499999997,8000,-5.2242525099999995,0.002463242421229804,0.04963106306769788,-0.0008281759999999999,-0.0006530315637499999
ADF,0.09053544306935635,0.0005568364123101997,0.206626621,-0.03493111094742967,-0.196726888,0.403353509,8000,3.017296127000001,0.0024802242538058835,0.04980184990345121,0.00041255800000000004,0.00037716201587500016
ADF,0.00817501881964855,0.0005593038908287083,0.230091936,0.0430976085535901,-0.173836583,0.403928519,8000,-2.9610151250000007,0.0025022539175267567,0.05002253409741211,-0.001089021,-0.0003701268906250001
ADF,0.0009203520162346379,0.0005655383896252407,0.188113426,-0.007073666041780006,-0.190125029,0.378238455,8000,3.821810437,0.0025583495274491444,0.05058012976900261,0.00043826499999999997,0.00047772630462499996
ADF,-0.058950739982022604,0.0005563050778458937,0.188379372,0.010278346722019467,-0.187094291,0.37547366299999996,8000,3.8861358820000005,0.0024754932417573703,0.04975432887455493,0.0006896960000000001,0.00048576698525000007
ADF,0.010705567752502088,0.0005617390993946617,0.184698751,-0.00042030468335808657,-0.202058487,0.386757238,8000,2.875552949999998,0.0025240909754940164,0.0502403321594714,0.0002232575,0.00035944411874999974
ADF,-0.038444562062228016,0.0005614883471436975,0.178487131,0.020902406759673947,-0.176525742,0.355012873,8000,-1.8142271770000002,0.002521838042661314,0.05021790559811624,-0.000706021,-0.00022677839712500003
ADF,-0.0242230626312554,0.0005624912886009978,0.203612571,0.005934668145386817,-0.192193244,0.395805815,8000,7.107124627000002,0.002530855201566336,0.05030760580236686,0.0003053485,0.0008883905783750002
ADF,-0.0460964237494883,0.0005550716521773354,0.226375846,0.014654046918809886,-0.176892342,0.40326818799999997,8000,3.8799159370000007,0.0024645282078679643,0.04964401482422593,0.0002276825,0.0004849894921250001
ADF,0.10089847334713875,0.0005613101818804292,0.177301972,-0.04657015992676728,-0.196047088,0.37334906,8000,-8.097885397999999,0.002520237893140842,0.050201971008525574,-0.0010840655000000001,-0.0010122356747499998
ADF,-0.0650774960698417,0.0005622034364957365,0.176051455,0.04023446746442233,-0.186138954,0.362190409,8000,3.6489778100000008,0.0025282655593569184,0.050281861136566124,-0.0002995475,0.0004561222262500001
ADF,0.057710006647794465,0.0005630394044100484,0.19715524,0.010781786478233739,-0.202318779,0.399474019,8000,-3.28740737,0.0025357899539764583,0.05035662770655377,-0.0003164995,-0.00041092592125
ADF,0.029038305021706012,0.0005612847418342485,0.175680045,0.019625899248852247,-0.194720394,0.37040043899999997,8000,-5.453656316999998,0.002520009450766096,0.05019969572383976,-0.000809191,-0.0006817070396249998
ADF,0.10047835880050826,0.0005553354196730707,0.207269114,-0.012794788260920077,-0.203085206,0.41035432,8000,-4.479263294,0.002466871029319382,0.04966760543170349,-0.00027475700000000004,-0.0005599079117499999
ADF,0.007394985334794768,0.0005520439065670852,0.186469591,-0.02240758721129544,-0.196327304,0.382796895,8000,-2.9706359989999997,0.0024377150457480113,0.049373221950243545,-2.67e-05,-0.00037132949987499995
ADF,-0.05887033707224587,0.0005566195746951143,0.182901274,-0.012443610240729505,-0.187070591,0.369971865,8000,-2.4018738589999997,0.002478292982119226,0.04978245656975182,-4.1450000000000005e-05,-0.00030023423237499996
ADF,-0.05646355105220069,0.0005512012041749303,0.167585091,-0.01724618781402839,-0.175763325,0.343348416,8000,4.028234030000002,0.002430278317103662,0.049297853067893964,0.0013565830000000002,0.0005035292537500002
ADF,0.09713337647044051,0.0005569041127785313,0.205926465,-0.0613404260189051,-0.190007264,0.395933729,8000,-0.840347825999999,0.0024808273844463156,0.049807904838954184,0.0002997675,-0.00010504347824999988
ADF,0.006641695160109595,0.0005540946812192374,0.198516969,-0.003273894807141475,-0.174458191,0.37297516,8000,-0.5933486549999989,0.002455860305127831,0.04955663734685628,0.000261495,-7.416858187499986e-05
ADF,0.022195888889719573,0.0005488426914446564,0.189526352,-0.017004042339920512,-0.200758167,0.390284519,8000,5.237198257000001,0.002409525171317763,0.04908691446116534,0.001512289,0.0006546497821250002
ADF,-0.052708009196857475,0.0005646455811672625,0.167556094,-0.03748464931007699,-0.185589709,0.353145803,8000,-10.936377452,0.002550278234021394,0.05050027954399256,-0.001227966,-0.0013670471815
ADF,-0.09560346976700851,0.0005642479130133258,0.194776895,0.018929934536521215,-0.172941408,0.36771830299999997,8000,2.760243251000002,0.00254668728301181,0.050464713246107025,0.0006176845,0.00034503040637500024
ADF,0.01658227708035831,0.0005637290249357703,0.191171968,0.010915873157803624,-0.195031186,0.386203154,8000,-5.0456726949999995,0.00254200551802672,0.05041830538630508,-0.000832904,-0.000630709086875
ADF,-0.046094783894014224,0.0005567606222993289,0.181745795,-0.03363486469819898,-0.187945571,0.36969136599999997,8000,-2.6940685599999985,0.0024795491419545446,0.04979507146249059,-0.000189162,-0.0003367585699999998
ADF,0.04466984674986829,0.0005604062203737046,0.220848872,0.011673762237390693,-0.198113422,0.418962294,8000,4.402205216999999,0.0025121269995364965,0.05012112328685877,0.000491583,0.0005502756521249999
ADF,-0.02352745591479133,0.0005584343928847303,0.192376586,-0.01864225022359543,-0.193658727,0.386035313,8000,-2.728805524,0.002494479920281142,0.04994476869784404,4.02e-05,-0.0003411006905
ADF,-0.012688964546268,0.0005589161309173922,0.186060068,0.022129135123664087,-0.210308938,0.396369006,8000,-1.1578693189999987,0.0024987855439559405,0.04998785396429757,-0.000567636,-0.00014473366487499984
ADF,0.005480120192862703,0.0005629188809313892,0.199522722,-0.020237578497454316,-0.179780378,0.3793031,8000,3.134002925999999,0.0025347044544058715,0.05034584843267488,0.0008076755000000001,0.0003917503657499999
ADF,-0.01834825885235425,0.0005582709430298897,0.188675914,0.0040722184708197875,-0.197289533,0.385965447,8000,-7.353045440999999,0.002493019900206027,0.04993015021213162,-0.0010595790000000002,-0.0009191306801249999
ADF,-0.026208760936121234,0.0005582917041877386,0.218192791,0.06257321055580292,-0.172477007,0.390669798,8000,3.4597958390000016,0.002493205326091832,0.04993200703047928,0.000599898,0.0004324744798750002
ADF,-0.04398651101468687,0.0005607745577477693,0.179242137,0.0011484563599291145,-0.197742424,0.376984561,8000,-12.548521521,0.002515430368833033,0.050154066324008394,-0.0011191335,-0.001568565190125
ADF,0.07023525479374726,0.0005595429181838532,0.211334651,0.03657149530436996,-0.206747042,0.418081693,8000,5.580718844000001,0.002504393130040328,0.05004391201775025,0.00034100199999999997,0.0006975898555
ADF,0.04771183855701766,0.000560807507955423,0.18268277,0.01568299227075427,-0.179950904,0.362633674,8000,-0.8632681510000002,0.002515725982772395,0.05015701329597283,-0.0005745615000000001,-0.00010790851887500002
ADF,-0.0587551073864625,0.0005540909598680742,0.177012632,-0.07504144993906793,-0.20616737,0.383180002,8000,0.852525159999999,0.002455827317668383,0.04955630451989316,0.000713683,0.00010656564499999987
ADF,0.025771303011096425,0.0005547701138762554,0.226457114,0.04007567639209964,-0.200461478,0.426918592,8000,-7.741119138999999,0.0024618512641229376,0.049617046104367575,-0.000633616,-0.0009676398923749999
ADF,-0.03115742249181519,0.0005643304091667136,0.170675328,0.009695354697408287,-0.194147363,0.364822691,8000,-6.548577692000001,0.002547432016871453,0.05047209146519939,-0.0010766605,-0.0008185722115000002
ADF,-0.013505479164289014,0.0005499569315709422,0.1909795,-0.0415224651964794,-0.188273145,0.379252645,8000,0.21191506400000049,0.0024193185600368257,0.04918656889880433,0.0003812665,2.6489383000000062e-05
ADF,-0.10213302603550778,0.0005588445172204319,0.186140115,0.02741242543325146,-0.198639431,0.384779546,8000,-0.976494130999999,0.0024981452482242747,0.049981449040861894,-0.0003249285,-0.00012206176637499987
ADF,-0.0533655234545769,0.0005611187059525324,0.174634892,-0.037387904022519736,-0.189904191,0.36453908300000004,8000,3.1052486499999983,0.0025185187631565865,0.05018484595130871,0.001065283,0.0003881560812499998
FL,-0.9289983113349254,0.001229770354774325,0.309180631,0.01213355843678944,-0.283991759,0.59317239,8000,0.4683946219999999,0.012097168668728668,0.1099871295594565,-0.0008332484999999999,5.854932774999999e-05
FL,-0.9476058089861343,0.0012284959394111368,0.28731011,-0.01882938230128907,-0.296708211,0.5840183210000001,8000,0.4162436930000002,0.012072108982924063,0.10987314950853126,0.0006600315,5.203046162500003e-05
FL,-0.9449832963388642,0.0012345285335003573,0.294152408,-0.02530340938918796,-0.304334863,0.598487271,8000,-3.9548497179999913,0.012190961539512319,0.11041268740281761,0.0008727165,-0.0004943562147499989
FL,-0.9489220747682663,0.0012334244438263315,0.303856635,-0.012378001304173554,-0.292334751,0.596191386,8000,1.368474292000009,0.012169165533167731,0.1103139407924843,0.0011084945,0.00017105928650000112
FL,-0.9400281091677409,0.0012322477590278728,0.27293876,0.010608025896465607,-0.308526276,0.581465036,8000,-3.4038326030000032,0.012145957882494087,0.1102087014826601,-0.0025481189999999997,-0.0004254790753750004
FL,-0.9468500621738642,0.001219536146460059,0.267783466,0.00883640647052923,-0.288677198,0.556460664,8000,3.962510128000006,0.011896660031768681,0.10907181135274449,0.0006449699999999999,0.0004953137660000008
FL,-0.9408977458684231,0.0012282441359043276,0.310204194,-0.01946428154803507,-0.294415041,0.6046192349999999,8000,2.253191828000003,0.012067160675409565,0.10985062892587172,0.00025398,0.0002816489785000004
FL,-0.9571783786866885,0.0012382312384922776,0.340973189,0.012240774846926353,-0.32145061,0.662423799,8000,5.1426167819999975,0.012264199583224979,0.11074384670592302,0.001362484,0.0006428270977499997
FL,-0.9392589855613505,0.0012396379729715443,0.302681749,-0.017905251563129304,-0.30975898,0.612440729,8000,-7.168872733999995,0.01229208172995996,0.11086966099866978,0.0002483675,-0.0008961090917499994
FL,-0.9435741041361378,0.0012327711325732422,0.310599359,-0.01764497814919543,-0.320926007,0.631525366,8000,2.5667252110000005,0.012156277597782008,0.11025551050982445,0.0007169584999999999,0.0003208406513750001
FL,-0.9583581960081466,0.0012352949061718954,0.318192478,0.005411748762700173,-0.28916008,0.607352558,8000,5.829661937999996,0.012206102088208642,0.11048122957411653,0.0019653550000000002,0.0007287077422499994
FL,-0.9981518939498608,0.0012444780003891506,0.304462486,0.008416159956249445,-0.32309224,0.627554726,8000,0.24328933199999847,0.012388255222127179,0.11130253915399764,0.0007684045,3.041116649999981e-05
FL,-0.9553308688292801,0.0012413182201133522,0.303878589,0.007536923874432342,-0.292169984,0.596048573,8000,6.915478917,0.01232542651775946,0.11101993747863247,0.0015195575000000001,0.0008644348646249999
FL,-0.9474173330436271,0.0012363260175661584,0.315806493,0.014532643730121886,-0.297087307,0.6128938,8000,-2.4761454749999925,0.012226487671666265,0.11057344921664633,-0.0015483229999999999,-0.00030951818437499905
FL,-0.9298762969056757,0.0012299360131390504,0.296150187,0.0004327018924190934,-0.315710721,0.611860908,8000,5.994830588999993,0.012100428028734646,0.11000194556795187,0.0011402635,0.0007493538236249992
FL,-0.9508018768007456,0.001220557240299717,0.29995738,-0.016239265491446168,-0.292393999,0.592351379,8000,-0.9273777349999974,0.011916590054807639,0.10916313505395325,0.000916481,-0.00011592221687499968
FL,-0.9543748041411075,0.0012269041783506658,0.295571343,-0.011889482979561768,-0.28575864,0.581329983,8000,3.0174264259999983,0.012040845608971729,0.10973078696961819,0.0006741645,0.0003771783032499998
FL,-0.9239187207262791,0.0012378639587760768,0.302050762,-0.02961129714128319,-0.319662424,0.621713186,8000,-3.529627054999997,0.012256925136313811,0.11071099826265596,0.0018921285,-0.00044120338187499965
FL,-0.9548485385679029,0.0012239296660438506,0.285836397,0.004051028688916869,-0.283741958,0.569578355,8000,-3.884160923000014,0.011982532615550271,0.10946475512944918,0.000392462,-0.00048552011537500173
FL,-0.929433288851008,0.0012282031796406357,0.308882866,-0.010456439021842059,-0.310301057,0.619183923,8000,-1.0689662700000033,0.01206635592078446,0.10984696591524255,6.81e-05,-0.0001336207837500004
FL,-0.9504392085244477,0.0012295654025936585,0.300125683,-0.014414329169235612,-0.307020056,0.6071457389999999,8000,-8.456699789000004,0.012093136802963188,0.10996879922488555,0.00022033699999999997,-0.0010570874736250005
FL,-0.9706536302486706,0.0012316206161120762,0.302520326,0.020347267189595706,-0.285245299,0.5877656250000001,8000,-5.815970207999989,0.012133597846916288,0.110152611620952,-0.0015943189999999999,-0.0007269962759999986
FL,-0.9295600376586006,0.001232555952351228,0.310348357,-0.009883430169776547,-0.299836116,0.610184473,8000,-1.2383831910000023,0.012152034211235865,0.11023626540860255,-0.000412631,-0.00015479789887500029
FL,-0.9149215069618135,0.0012272044068784886,0.323501791,0.026451266123913703,-0.29573469,0.619236481,8000,-4.245293315000001,0.012046739219439603,0.10975763854711709,-0.0022342285,-0.0005306616643750002
FL,-0.9243562098098721,0.001237676037470434,0.295991141,0.010565891249981363,-0.291560864,0.587552005,8000,2.3679855909999974,0.012253203947854391,0.1106941911206473,-0.0008500045,0.0002959981988749997
FL,-0.9605512619006884,0.0012328297200278448,0.305378537,-0.006983492552766342,-0.305496382,0.610874919,8000,0.30897473600000724,0.012157433079552893,0.1102607504035452,0.002159985,3.8621842000000906e-05
FL,-0.9539014376832422,0.0012421143509371542,0.301399301,-0.03728760372989902,-0.287371588,0.5887708890000001,8000,-4.230057746999998,0.01234124163837142,0.11109114113362693,-0.000685094,-0.0005287572183749998
FL,-0.9451104508569212,0.0012381842927317217,0.313803862,0.014856115755782879,-0.304187897,0.6179917589999999,8000,8.018587817999999,0.012263269641797666,0.11073964801189168,0.00034161550000000004,0.0010023234772499998
FL,-0.902210838909181,0.0012307221953437818,0.310850033,0.026135544633480386,-0.294485908,0.6053359410000001,8000,-2.122899117999994,0.01211590229977243,0.11007225944702158,-0.0010982435,-0.00026536238974999925
FL,-0.9130759213474926,0.0012288488999375338,0.314748135,0.001772441206665858,-0.299094245,0.6138423799999999,8000,-1.5183760829999973,0.012079046881402619,0.10990471728457618,-2.06e-05,-0.00018979701037499965
FL,-0.9596013187874104,0.001230351792256152,0.287479473,0.008884799079454943,-0.289436747,0.57691622,8000,-10.010464295999999,0.012108610496130694,0.11003913165838185,-0.0015093864999999999,-0.0012513080369999999
FL,-0.9400088659747445,0.001218056872307251,0.301336299,-0.012034139365513122,-0.285429058,0.586765357,8000,1.0971742679999985,0.011867816690855211,0.10893950931987537,0.000727015,0.00013714678349999981
FL,-0.9291649549625007,0.001232090120818582,0.294788388,-0.028248633871964284,-0.303066684,0.597855072,8000,-0.3204505250000065,0.012142850480484167,0.11019460277383901,0.003042184,-4.005631562500081e-05
FL,-0.9671003993609264,0.0012360930386314472,0.318408157,-0.007924859960091648,-0.288875027,0.607283184,8000,0.674439898999998,0.012221880075224841,0.11055261224966528,0.000876076,8.430498737499975e-05
FL,-0.9346980304042365,0.0012364536422899057,0.307445358,0.01164078518818093,-0.301570709,0.609016067,8000,6.469117341000008,0.012229012058646266,0.1105848636054965,-0.0009643639999999999,0.000808639667625001
FL,-0.930244980250166,0.0012357525897608726,0.291105179,0.0016794910924020946,-0.332103961,0.6232091399999999,8000,1.6665298069999976,0.012215148620342531,0.11052216348019311,-1.0115e-05,0.0002083162258749997
FL,-0.9464697566154396,0.0012323007315302814,0.296469969,-0.007440422562539446,-0.310274143,0.606744112,8000,10.746675642,0.012147002178347605,0.11021343919117851,0.001838205,0.0013433344552499999
FL,-0.9466904531541869,0.0012268231569518547,0.30938583,0.0067363083854113685,-0.280985731,0.590371561,8000,2.820795191999993,0.012039255372408087,0.10972354064834076,0.0006215645,0.00035259939899999915
FL,-0.9395052450744461,0.001229277483793406,0.301800841,0.025219754259647866,-0.286754377,0.588555218,8000,-2.5860939210000007,0.01208747393415942,0.10994304859407629,-0.000324478,-0.00032326174012500006
FL,-0.9568856659291956,0.0012384959008758445,0.292147992,0.029251287705890937,-0.277110192,0.569258184,8000,-0.5415221360000064,0.01226944289979367,0.11076751734959879,-0.0021616925,-6.76902670000008e-05
FL,-0.9262750660121029,0.001230848841246512,0.280681926,-0.003815976196098734,-0.295756416,0.5764383420000001,8000,-4.438280610000005,0.012118395971113053,0.1100835862929304,3.095e-05,-0.0005547850762500006
FL,-0.9478442110697327,0.001235574427545835,0.325091041,0.020786832446389465,-0.2956085,0.620699541,8000,1.329034606000003,0.012211626683875739,0.11050622916322744,-0.0019824394999999996,0.00016612932575000037
FL,-0.9344771958827409,0.0012319361530508568,0.308835953,-0.012387743869674691,-0.298705042,0.6075409949999999,8000,12.129801649000006,0.012139815814864759,0.11018083233877278,0.0022914980000000003,0.0015162252061250007
FL,-0.911290005030089,0.0012307808173553799,0.310948571,0.01278748436741976,-0.311692489,0.6226410600000001,8000,-4.532823802,0.012117056541539446,0.11007750243142077,-0.0008323569999999999,-0.00056660297525
FL,-0.9643863816685418,0.0012234432040665348,0.295628976,0.013498405187303117,-0.296543199,0.592172175,8000,8.325259757000003,0.011973009375339131,0.1094212473669494,0.001366277,0.0010406574696250003
FL,-0.9456957610601391,0.0012258559775769852,0.301587648,-0.012427866029796071,-0.262631791,0.5642194389999999,8000,2.931941395000001,0.012020280299212047,0.10963703890206104,0.0009416439999999999,0.0003664926743750001
FL,-0.9327879155199872,0.001237742449112468,0.317505134,0.015631157509826858,-0.355843007,0.673348141,8000,2.727406378999997,0.012254518956309106,0.11070013078722674,-0.00041163150000000004,0.00034092579737499964
FL,-0.9529127502070649,0.001241132162555363,0.305247516,0.0029086963119049937,-0.279941242,0.5851887579999999,8000,0.0002093850000011166,0.01232173195038989,0.1110032970248627,-0.0004588105,2.6173125000139574e-08
FL,-0.9217233361748334,0.0012391020282883874,0.313998367,0.007971067978908194,-0.304465197,0.618463564,8000,-0.38909027000000895,0.012281455318230656,0.11082172764503653,0.0001587595,-4.8636283750001116e-05
FL,-0.9495696452268447,0.0012304286778878825,0.290294435,-0.025661871170773228,-0.307264848,0.597559283,8000,5.218143739999997,0.012110123896220014,0.11004600808852638,0.0030942584999999996,0.0006522679674999996
NS,-0.764729727894546,0.001038410120527413,0.25853053,-0.014581733021453006,-0.265012362,0.523542892,8000,-2.8425565960000005,0.008625286331731636,0.09287241965046263,-0.00018854400000000002,-0.0003553195745000001
NS,-0.7601793903933847,0.0010354202129447096,0.319874167,0.0023643045367996687,-0.272028379,0.591902546,8000,-3.209501365000005,0.008575688043978368,0.0926050109010218,-7.448249999999999e-05,-0.0004011876706250006
NS,-0.7648645020955454,0.0010328072428193976,0.289357407,0.015497670802102546,-0.259023027,0.548380434,8000,7.892420641999998,0.008532459715760827,0.0923713143554904,0.0014556859999999999,0.0009865525802499997
NS,-0.7190152821577431,0.0010309807725154686,0.267322315,0.018691177157791623,-0.281868227,0.5491905420000001,8000,-0.7901424839999978,0.008502307905019445,0.09220796009575011,-0.0007756530000000001,-9.876781049999971e-05
NS,-0.78323845530555,0.0010380967584134966,0.256043579,0.013366819458068769,-0.256922753,0.512966332,8000,-0.0797842740000001,0.008620081393749049,0.09284439344273325,0.00037968150000000005,-9.973034250000013e-06
NS,-0.6953480549792093,0.0010293778473233345,0.26292228,-0.01472089855541284,-0.316642201,0.579564481,8000,1.6000577759999992,0.008475890401727616,0.09206459906895602,0.000539889,0.0002000072219999999
NS,-0.7631848800716265,0.001040777704115145,0.299265323,-0.007399980841272945,-0.276696495,0.575961818,8000,-0.22650236000000468,0.008664662616836153,0.09308416952863764,-0.0007257170000000001,-2.8312795000000583e-05
NS,-0.7666005325038379,0.0010366019120216217,0.309912194,-0.003557994867375302,-0.305352312,0.6152645059999999,8000,-1.7187444630000028,0.008595273648531052,0.09271069867351368,-0.0005517720000000001,-0.00021484305787500035
NS,-0.7783038763521821,0.0010423249567214053,0.272823027,0.02101726147252991,-0.255192429,0.528015456,8000,0.015036248000004804,0.008690444081918831,0.09322255135920081,-0.0005047504999999999,1.8795310000006005e-06
NS,-0.7761889108692088,0.0010408574183046876,0.258655517,-0.005469687381685816,-0.325065711,0.5837212279999999,8000,-3.00320203199999,0.008665989937753958,0.09309129893687142,0.000271747,-0.0003754002539999988
NS,-0.7658386377946522,0.0010332489518125065,0.272732369,0.005453563107054544,-0.285030941,0.5577633099999999,8000,6.173629928999999,0.008539759567976726,0.09241081953957948,0.000424375,0.0007717037411249998
NS,-0.7810229877772183,0.0010331155857361736,0.281538947,-0.02099115673539414,-0.259945393,0.54148434,8000,5.642192976999998,0.008537555180114485,0.0923988916606389,0.001146382,0.0007052741221249998
NS,-0.7709784675835709,0.0010338561890952925,0.299825632,0.005866986080001016,-0.252180102,0.552005734,8000,8.752119177,0.0085498000992254,0.09246512909862507,4.505e-05,0.001094014897125
NS,-0.7548188716352597,0.0010375645722237165,0.302051527,-0.0006163163319452728,-0.303561649,0.605613176,8000,0.553731132999999,0.00861124539202874,0.09279679623795607,0.00046924,6.921639162499987e-05
NS,-0.7411178153098366,0.0010397334535349474,0.273174116,-0.0277496814329897,-0.32037887,0.593552986,8000,-1.3197998809999973,0.008647284189543268,0.09299077475504368,0.000429914,-0.00016497498512499966
NS,-0.7410164764811733,0.001034313812738966,0.280301212,-0.0147511475608667,-0.283222948,0.56352416,8000,-2.0052653779999994,0.008557370700717711,0.09250605764336578,0.0014203115,-0.0002506581722499999
NS,-0.7327385946559164,0.0010352478643318886,0.275392266,0.039586364132536675,-0.267790074,0.54318234,8000,0.8766509760000032,0.008572833386689292,0.09258959653594616,-0.001158714,0.0001095813720000004
NS,-0.8017664524848223,0.0010321746583527465,0.273008721,-0.01574543003403618,-0.289761984,0.5627707049999999,8000,-2.1572731680000015,0.008522010818239526,0.09231473781709791,-0.0006745725,-0.0002696591460000002
NS,-0.7437752467288683,0.001025082672653318,0.258597862,0.024202849401924097,-0.265274306,0.523872168,8000,-8.322732560000006,0.008405305091706783,0.09168045097896707,-0.0022743395,-0.0010403415700000007
NS,-0.7441891380730543,0.0010329860539095726,0.277399788,-0.008868663611319124,-0.274205125,0.551604913,8000,-2.661963987999999,0.008535414440385794,0.09238730670598529,0.0008459005000000001,-0.00033274549849999986
NS,-0.7096957746912547,0.0010324142432938655,0.295349842,0.025670088917871505,-0.29422423,0.589574072,8000,2.777860544000001,0.008525967478878604,0.09233616560632461,0.000169313,0.0003472325680000001
NS,-0.6955797747043593,0.0010294980288611945,0.282835353,0.012369853254308763,-0.28377921,0.566614563,8000,-2.8517451529999978,0.008477869665241248,0.09207534776063162,-0.000682426,-0.0003564681441249997
NS,-0.7563428019398497,0.0010362579448375707,0.268414721,0.0028513273567727167,-0.254565556,0.522980277,8000,-2.862238593000002,0.008589570395383647,0.09267993523618609,-0.0012403535,-0.00035777982412500025
NS,-0.7327732219136851,0.0010412451994331459,0.273968447,-0.012301327359585175,-0.260477896,0.5344463429999999,8000,-6.263397660000004,0.008672448331175232,0.09312598096758623,-0.000253361,-0.0007829247075000006
NS,-0.7442184288982832,0.001038951854527613,0.284434538,-0.011232689130332039,-0.300371672,0.58480621,8000,2.105900227000004,0.008634288227254905,0.09292087078398967,0.0001294965,0.0002632375283750005
NS,-0.7054368632801147,0.0010318155788146164,0.281251392,-0.0016156891064972854,-0.286254487,0.567505879,8000,7.864330699999997,0.00851608246608765,0.09228262277421276,0.0019597875,0.0009830413374999998
NS,-0.764174722485512,0.0010319101902338675,0.306381313,0.006983541315230739,-0.252343647,0.5587249599999999,8000,2.1394316890000002,0.008517644287027266,0.09229108454789806,0.000162625,0.000267428961125
NS,-0.7558089423223593,0.0010298732861141974,0.276878096,0.004310388263622832,-0.251136773,0.5280148689999999,8000,7.85159305,0.008484051244627793,0.09210890969188482,0.000443733,0.00098144913125
NS,-0.7607734592602227,0.001038707361640057,0.253072775,-0.011265271660381312,-0.267139851,0.520212626,8000,-11.029615199999999,0.008630224952018858,0.09289900404212555,-0.0012269575,-0.0013787018999999998
NS,-0.7521960398226297,0.001036010860547651,0.248390069,-0.020004799343962744,-0.28845344,0.536843509,8000,-1.0355727800000007,0.008585474706878303,0.09265783672673512,0.0002491495,-0.0001294465975000001
NS,-0.7187800283769619,0.0010346402325350943,0.282033431,0.017688005967459296,-0.279772721,0.561806152,8000,0.08634795100000203,0.008562772805831415,0.09253525169270041,0.000699121,1.0793493875000254e-05
NS,-0.7546729022633016,0.0010408853765421003,0.264462042,-0.019391383935374967,-0.283024179,0.547486221,8000,8.175835876999999,0.008666455494426418,0.09309379944135064,0.002586998,0.001021979484625
NS,-0.7658190357034727,0.001034326819524936,0.270841225,-0.012615893798405624,-0.252313931,0.5231551560000001,8000,0.4346583090000009,0.008557585924738969,0.09250722093295728,0.0005299370000000001,5.4332288625000115e-05
NS,-0.7860247730014471,0.001026711562193589,0.256014939,-0.008657063746192477,-0.252788244,0.5088031829999999,8000,6.430167458000006,0.008432038918904062,0.09182613418250853,0.0019551575,0.0008037709322500007
NS,-0.760674834952098,0.0010395951949472213,0.249714869,0.014334619398070377,-0.257395572,0.507110441,8000,-1.5551218789999932,0.008644984596689451,0.09297840930393168,-0.001166879,-0.00019439023487499916
NS,-0.7167361020730265,0.0010397975545317407,0.28458452,-0.005040598011949366,-0.301022092,0.5856066120000001,8000,7.688674362999999,0.008648350456327098,0.09299650776414724,0.0008412745,0.0009610842953749998
NS,-0.7142440712281548,0.0010353959263382595,0.271604101,0.012517571805612767,-0.254395847,0.5259999479999999,8000,-2.106025032,0.008575285749498623,0.0926028387766737,-0.0004593065,-0.000263253129
NS,-0.7367232377317716,0.0010406985326053746,0.273107643,0.005876204459366482,-0.254320238,0.5274278809999999,8000,6.965070050999997,0.008663344432700072,0.09307708865612456,0.00101705,0.0008706337563749996
NS,-0.7342618571927431,0.0010307841279544943,0.260762606,-0.009840556795704834,-0.272860106,0.533622712,8000,-0.9231301330000006,0.008499064831624817,0.09219037277083121,0.0003562345,-0.00011539126662500007
NS,-0.7392883066662237,0.001034958966629234,0.294137249,0.0057885519758997,-0.274067923,0.568205172,8000,-1.5858210760000027,0.00856804936078741,0.09256375835491669,0.000498411,-0.00019822763450000032
NS,-0.7233820274966232,0.0010437669173931972,0.279423845,-0.00010221180239662493,-0.25919629,0.5386201349999999,8000,-5.642861521000006,0.008714505573378137,0.09335151618146402,-0.00124092,-0.0007053576901250008
NS,-0.7856633131589517,0.001033751564903587,0.277940997,0.009076149882101502,-0.245933678,0.5238746750000001,8000,-6.0107613379999965,0.008548069741226983,0.09245577181132059,-0.00043081,-0.0007513451672499996
NS,-0.7546170184105319,0.00104078380878406,0.269312957,0.017295315690959347,-0.29300715,0.562320107,8000,-3.245439307999998,0.008664764262079811,0.09308471551269741,-0.0007339460000000001,-0.00040567991349999975
NS,-0.7744174251157001,0.001029941135804306,0.250253299,0.004832329312572166,-0.268140329,0.518393628,8000,3.2428576060000003,0.008485169167031693,0.09211497797335509,-0.0003474315,0.00040535720075
NS,-0.7634008284320486,0.0010296315329255707,0.296105824,0.03741082796129494,-0.265224666,0.56133049,8000,-6.181194981999997,0.008480068607663689,0.09208728798082659,-0.0030160545,-0.0007726493727499996
NS,-0.8018138000268045,0.0010321693809337367,0.289108975,-0.0006140348292909567,-0.242634393,0.531743368,8000,8.674679221000002,0.008521923673866129,0.09231426581989442,0.0015696045,0.0010843349026250003
NS,-0.7847794467877662,0.0010437993705392102,0.271821244,-0.016305433120495677,-0.259204937,0.5310261810000001,8000,0.5706423990000002,0.008715047490378474,0.09335441869766248,0.0012906695,7.133029987500003e-05
NS,-0.7449351474209713,0.001028646617030099,0.288351266,0.018746549605569165,-0.28029824,0.568649506,8000,-4.954895684999996,0.00846385278795701,0.0919991999310701,-0.0008702524999999999,-0.0006193619606249995
NS,-0.7579165559278511,0.0010390653825749828,0.256920396,0.010238655120022982,-0.293864946,0.550785342,8000,9.985764862999993,0.008636175297256297,0.09293102440657962,0.0009576470000000001,0.001248220607874999
NS,-0.7722197719282224,0.0010437607180793895,0.299176982,-0.006651707260128361,-0.262239409,0.561416391,8000,-0.6772647279999979,0.008714402056408218,0.0933509617326368,0.0004243395,-8.465809099999975e-05
NT,-1.1688173775877757,0.001665144736871893,0.356623509,-0.009920963133902005,-0.373282915,0.7299064239999999,8000,0.7829843219999875,0.0221788832508626,0.1489257642278951,0.002717868,9.787304024999843e-05
NT,-1.189296288730607,0.0016539256711473375,0.396442214,-0.0029006987354832543,-0.342817312,0.739259526,8000,-3.2391490579999913,0.02188102553531569,0.14792236320217336,-0.0012803025,-0.0004048936322499989
NT,-1.1666184406798887,0.0016715454798485636,0.351186096,-0.0007367218137405673,-0.352624975,0.7038110710000001,8000,7.487305708000003,0.022349720265326112,0.14949822830162943,0.0016383679999999999,0.0009359132135000004
NT,-1.1775827279861246,0.0016598680459179464,0.362838952,-0.009709217176220725,-0.377724577,0.740563529,8000,-1.3901893509999934,0.02203854027694583,0.14845383213964478,0.000327771,-0.00017377366887499918
NT,-1.180734420432551,0.0016508396500499365,0.338498932,-0.002517389520993974,-0.344976285,0.683475217,8000,-3.849012515999996,0.021799447129865805,0.14764635833594342,-0.0007498534999999999,-0.0004811265644999995
NT,-1.1879740838639492,0.0016762828723966125,0.368804388,0.004074284977048548,-0.349654875,0.718459263,8000,4.066695110999991,0.022476584222053612,0.1499219270889139,-0.0025424454999999997,0.0005083368888749989
NT,-1.1725825798719067,0.0016605103307100236,0.347998245,0.0021472598867288964,-0.35490518,0.7029034249999999,8000,-1.9688005270000017,0.0220555991725993,0.1485112762472914,-0.000576068,-0.00024610006587500024
NT,-1.1860412933602853,0.0016619089637090038,0.344549514,-0.009502520845772116,-0.362276218,0.706825732,8000,-10.057725638999987,0.02209276928784703,0.1486363659669027,-0.0010072014999999998,-0.0012572157048749983
NT,-1.1771051184179702,0.001660689858182915,0.348006649,0.008507333170505916,-0.366440655,0.714447304,8000,0.29723175300000015,0.022060368549767655,0.14852733266899953,-0.001013163,3.715396912500002e-05
NT,-1.1790647167650894,0.0016591468701261456,0.358642411,-0.014519568202192197,-0.338400957,0.697043368,8000,9.804541994999994,0.022019393924858435,0.14838933224749828,0.0013869755,0.0012255677493749992
NT,-1.1875908590069302,0.0016722427285062885,0.356968083,0.005414968918481933,-0.387512877,0.74448096,8000,-1.0088416930000101,0.022368369548594214,0.14956058821960488,-0.0007190664999999999,-0.00012610521162500127
NT,-1.173538554141548,0.0016670641562437675,0.367583158,-0.009175008790278567,-0.360044049,0.727627207,8000,8.447337302000005,0.022230044105360926,0.14909743158539293,0.0039444095,0.0010559171627500005
NT,-1.1880094017000893,0.001657045778650842,0.346030509,-0.0018754655383568352,-0.348851374,0.694881883,8000,-1.6156958590000006,0.021963659899644057,0.1482014166586948,-0.0007170095,-0.00020196198237500007
NT,-1.1741944058804412,0.0016686102724782525,0.369864843,0.029371647121826553,-0.358546179,0.728411022,8000,2.328156570999998,0.022271297671118167,0.1492357117821273,-0.0020195005,0.0002910195713749997
NT,-1.1789601452780585,0.001665257630294709,0.370462617,-0.013279181479982667,-0.388211889,0.758674506,8000,-3.0170369999999878,0.02218189071906275,0.14893586109148713,-0.00021881,-0.00037712962499999845
NT,-1.1797645042129496,0.0016653703793190115,0.351673929,-0.0022871897467266,-0.377180664,0.728854593,8000,-1.3239552020000085,0.022184894544004876,0.1489459450404907,0.0004277355,-0.00016549440025000106
NT,-1.1919516638365506,0.0016722147697734089,0.365101625,0.004990027003974601,-0.384709588,0.749811213,8000,-1.5133339750000032,0.022367621587750436,0.1495580876708125,-0.0003688315,-0.0001891667468750004
NT,-1.1732933947513178,0.0016579604710162533,0.351267515,0.01107981912962023,-0.342642372,0.693909887,8000,4.390306042000006,0.021987914554696036,0.1482832241175516,-0.0003114235,0.0005487882552500007
NT,-1.1892547302916874,0.0016705763212014487,0.360654556,0.010323357629148424,-0.382720549,0.743375105,8000,-2.552852078000001,0.02232381113442677,0.14941154953492308,-0.0015802985000000001,-0.0003191065097500001
NT,-1.17374695490851,0.0016622252752366512,0.379238296,-0.004738752737246314,-0.345296075,0.724534371,8000,0.8450541390000024,0.022101179932218856,0.14866465596172768,-0.0008325865,0.0001056317673750003
NT,-1.1746650086399322,0.001650284785591991,0.344120779,0.0070079887919497885,-0.348528378,0.692649157,8000,-8.247325978,0.021784795548577676,0.14759673285197636,-0.0002413415,-0.0010309157472499998
NT,-1.2034154805542232,0.0016668563555610758,0.354983706,-0.007736167947308409,-0.35229295,0.707276656,8000,2.5380400410000017,0.022224502470484738,0.14907884648897957,0.0017632925,0.0003172550051250002
NT,-1.190009353373846,0.0016639543401871567,0.360605886,-0.010929470533314342,-0.403427895,0.764033781,8000,-3.709699008000004,0.022147183625775186,0.14881929856633241,-0.00026941,-0.00046371237600000047
NT,-1.1922524937871486,0.0016620017872006918,0.356879694,-0.0012539102730061355,-0.379781266,0.73666096,8000,-2.852963493999997,0.022095237275325693,0.1486446678334803,-0.000907744,-0.0003566204367499996
NT,-1.1795978894656571,0.0016556568761924883,0.332009822,0.007460407047560712,-0.341086444,0.6730962659999999,8000,6.9247705580000005,0.021926856333776067,0.1480771972106984,-0.0018326335,0.0008655963197500001
NT,-1.197249080367468,0.0016625086227844694,0.338405965,0.008804070783835497,-0.354358556,0.692764521,8000,-9.364361384999995,0.022108715431740877,0.14868999775284442,-0.0014570755,-0.0011705451731249994
NT,-1.176610669846554,0.001664482545568956,0.34449762,-0.01081172434785125,-0.393120281,0.737617901,8000,-7.9713053789999915,0.022161246653885185,0.14886653973907363,-0.0019076244999999999,-0.0009964131723749989
NT,-1.1768535676977443,0.0016672999756550653,0.361004876,-0.0007205631581649677,-0.370051034,0.73105591,8000,6.530336427,0.02223633378134623,0.14911852259644418,0.0033344925000000003,0.000816292053375
NT,-1.1848460471584599,0.0016617550925881145,0.329541294,-0.0031556085300785196,-0.370166537,0.699707831,8000,-7.485413094999997,0.022088678471952516,0.14862260417565196,0.0006729710000000001,-0.0009356766368749995
NT,-1.1908019763636284,0.0016697621498471876,0.336154012,-0.0006898819309606658,-0.365493127,0.701647139,8000,-0.8223726889999923,0.02230205699086136,0.14933873238668313,-0.002720979,-0.00010279658612499904
NT,-1.1818670920216925,0.001663471069279175,0.350170285,-0.0034088503552355282,-0.341086912,0.6912571970000001,8000,4.652419138,0.022134320850632085,0.1487760762039115,-0.000835529,0.00058155239225
NT,-1.1824033430417604,0.00165993103609064,0.365762014,-0.01964762548809261,-0.371508082,0.737270096,8000,-5.767810220000003,0.02204021298557099,0.14845946579983033,0.000470126,-0.0007209762775000004
NT,-1.1609906774977714,0.0016759420549279636,0.38528778,-0.006214580830183482,-0.345784122,0.731071902,8000,-7.631122759000011,0.022467445390037845,0.14989144535308827,-0.000849591,-0.0009538903448750014
NT,-1.1927418733268873,0.0016602331567632347,0.344780829,0.0047834501958095585,-0.387943103,0.7327239320000001,8000,0.8942980050000009,0.022048236704393303,0.14848648660532482,-0.0024490235,0.00011178725062500012
NT,-1.1890639172408837,0.0016660606079188635,0.378361447,0.000387124510885499,-0.38564025,0.7640016970000001,8000,-0.7112768529999989,0.022203287836122527,0.14900767710464627,-0.00045868149999999996,-8.890960662499987e-05
NT,-1.1986171057888617,0.001668165139119908,0.34778577,0.008197939717578883,-0.333896452,0.6816822220000001,8000,-2.804323710999997,0.022259416676068164,0.14919590033264374,-0.0005446089999999999,-0.00035054046387499965
NT,-1.1686612995143002,0.0016702214516979852,0.356576657,0.006521688240918665,-0.346407719,0.7029843760000001,8000,-2.500399826,0.02231432794199929,0.14937981102545045,0.0010666425,-0.00031254997825
NT,-1.186176871330418,0.0016608506269596413,0.335404628,-0.010678732358469688,-0.372015326,0.7074199539999999,8000,-4.300836917000004,0.022064640015772796,0.14854171136678343,0.00032665350000000005,-0.0005376046146250005
NT,-1.1878243607098657,0.0016673778911050858,0.365328132,-0.005560363957757266,-0.349781723,0.715109855,8000,-4.184504368000011,0.0222384121049366,0.14912549113057968,-0.0015815665000000001,-0.0005230630460000014
NT,-1.1951594225907725,0.0016656751331531898,0.352071954,-0.0018868367229639715,-0.354898882,0.706970836,8000,0.7416362149999891,0.022193014719989967,0.14897320134839678,0.001181994,9.270452687499864e-05
NT,-1.17273357785697,0.0016681135062844383,0.3528441,-0.022275331281416705,-0.345928005,0.698772105,8000,-8.042314650000002,0.022258038756118658,0.14919128244008983,-0.001105085,-0.0010052893312500002
NT,-1.1893785446724146,0.0016732180722067837,0.379859932,-0.006824088049672833,-0.349900926,0.729760858,8000,5.862899301000001,0.02239447007855793,0.14964782015972677,0.001480633,0.0007328624126250001
NT,-1.1920079942883004,0.0016734710699131204,0.346400794,0.003642749432807204,-0.332900711,0.679301505,8000,-1.4787449089999956,0.022401242869267476,0.14967044754816322,0.0014280765,-0.00018484311362499946
NT,-1.1806552090532276,0.0016598434122536247,0.365684555,-0.0014521491361982328,-0.356384666,0.722069221,8000,-4.405076243999993,0.02203788614546085,0.14845162897543715,0.0009451615,-0.0005506345304999991
NT,-1.19998393109496,0.0016783415801802056,0.355539668,-0.012640485746097071,-0.351506388,0.707046056,8000,-5.799211551999996,0.022531826847634554,0.15010605200202473,-0.001361672,-0.0007249014439999994
NT,-1.1769187498562317,0.0016600024472085077,0.376910254,-0.003214060159752946,-0.35758827,0.7344985239999999,8000,0.48886273999999963,0.022042109389781135,0.14846585260517361,0.0019710365,6.110784249999995e-05
NT,-1.1824623394710154,0.0016672412021997815,0.343221779,0.003947905196712843,-0.342254188,0.685475967,8000,-2.2623788809999965,0.02223476611727427,0.14911326606735656,-0.0019167395,-0.0002827973601249996
NT,-1.1670444169264207,0.001662435267514564,0.356001687,0.01075568924238537,-0.344608102,0.700609789,8000,-0.7179774469999987,0.02210676445839109,0.148683437068125,-0.0034954030000000002,-8.974718087499983e-05
NT,-1.18675424051521,0.0016548110227290252,0.345109489,-0.002753932065953249,-0.337582669,0.682692158,8000,-4.0340590980000055,0.021904457768042916,0.1480015465055785,-0.0014680119999999999,-0.0005042573872500007
NT,-1.1895629593952075,0.0016721518302571213,0.369149044,0.008820855225886767,-0.340471268,0.709620312,8000,-5.155838650999996,0.02236593785571449,0.14955245854119045,-0.001245342,-0.0006444798313749995
CT,-1.08686796709921,0.00143201840047454,0.329222161,-0.024394238301641242,-0.320030228,0.649252389,8000,0.5945266349999985,0.016403362917681984,0.12807561406326337,0.0018041835,7.431582937499981e-05
CT,-1.1100570951107254,0.0014411241391321353,0.312727616,-0.001082064820327701,-0.313216317,0.6259439330000001,8000,-0.3583449920000046,0.016612633436330317,0.12889000518399524,0.000721603,-4.479312400000057e-05
CT,-1.0870407748678066,0.0014316561608433843,0.316779111,-0.021564185139054535,-0.353000973,0.669780084,8000,0.5666066549999971,0.016395065263683662,0.12804321639073138,0.0033259485,7.082583187499963e-05
CT,-1.0778605469317866,0.0014319337939132021,0.345807814,0.00382903966994069,-0.350946044,0.696753858,8000,-0.3646532169999981,0.016401424686815113,0.12806804709534347,2.83e-05,-4.558165212499976e-05
CT,-1.0925834955511697,0.0014277342110611177,0.310207503,0.00018688121452285357,-0.352268081,0.6624755840000001,8000,2.086105446,0.016305361394497068,0.12769244846308284,0.000845865,0.00026076318075
CT,-1.0750133159299224,0.0014356061451782068,0.349500739,0.010019719771099455,-0.317038685,0.666539424,8000,1.5071270180000083,0.01648565906758337,0.1283964916482665,0.0006161109999999999,0.00018839087725000103
CT,-1.0770445437533043,0.001440853543720055,0.327982849,-0.009046313778622212,-0.351609274,0.679592123,8000,-2.659751520000001,0.016606395416670673,0.1288658039072844,0.0003405405,-0.0003324689400000001
CT,-1.0740746898515088,0.0014326705325794164,0.327545054,0.015198439545206254,-0.338854372,0.666399426,8000,3.4232563269999927,0.016418306294516186,0.12813393888629268,-0.0006545135,0.00042790704087499907
CT,-1.0740212673582166,0.0014338000040394923,0.315718128,0.0047156973187361,-0.314309801,0.6300279289999999,8000,5.576090735000005,0.016444203830217604,0.12823495557069298,0.0002105815,0.0006970113418750006
CT,-1.0754723142560028,0.0014373923626599763,0.337679987,0.010839839848569585,-0.301028817,0.638708804,8000,-1.2871977160000068,0.0165267083370616,0.1285562458111686,-0.0017103560000000001,-0.00016089971450000085
CT,-1.085530008258776,0.0014384826492391091,0.316304988,-0.006738195737195215,-0.328960762,0.6452657500000001,8000,-2.541010904999991,0.01655178942496356,0.1286537579123267,-0.0002000705,-0.00031762636312499887
CT,-1.1048603963440808,0.0014375771945311316,0.304535056,-0.011402020384846737,-0.330785796,0.635320852,8000,0.4258022329999944,0.016530958893697753,0.12857277664302716,0.001106488,5.3225279124999304e-05
CT,-1.052176093812897,0.001443018451252194,0.34231061,-0.005663070131853145,-0.334746484,0.677057094,8000,3.0550907050000022,0.01665633570298359,0.12905942702097972,0.0020545694999999998,0.0003818863381250003
CT,-1.0813785521252572,0.001434377404358127,0.361198859,-0.002127353887711036,-0.301126964,0.662325823,8000,-4.002509224999995,0.016457450866527126,0.12828659659733407,-0.001472464,-0.0005003136531249995
CT,-1.0888283585139928,0.0014269790670856045,0.341245723,-0.009558145938771573,-0.371907565,0.713153288,8000,4.436524273800005,0.016288117793946115,0.127624910554116,0.002308887,0.0005545655342250006
CT,-1.0760501214585108,0.001434149336446383,0.341516138,0.02634150880213808,-0.292642618,0.634158756,8000,-9.697503091,0.016452217769517573,0.12826619885814647,-0.0029891765,-0.0012121878863749999
CT,-1.0754390037004251,0.0014321099165939676,0.333415467,-0.006738967404606544,-0.311686682,0.645102149,8000,-3.411359720000007,0.016405459566841044,0.1280837990022198,-0.0019206574999999998,-0.0004264199650000009
CT,-1.061169645681707,0.00142723180694827,0.321282826,0.003682063535674842,-0.329000941,0.650283767,8000,-0.707757544999998,0.01629388805548783,0.12764751488175485,0.001433022,-8.846969312499975e-05
CT,-1.0682689086082526,0.0014300159552354554,0.345843046,-0.010924551244147727,-0.326283977,0.672127023,8000,1.1701243990000099,0.016357520112191545,0.1278965211105898,0.0004712165,0.00014626554987500124
CT,-1.0826232104871711,0.0014350932464008883,0.319003944,-0.012262256376950583,-0.330342109,0.6493460529999999,8000,1.9197305479999955,0.016473881514297663,0.12835061945428103,0.000632195,0.00023996631849999944
CT,-1.0744485227643745,0.0014250983989582907,0.327658001,-0.006786386037008972,-0.326444985,0.654102986,8000,4.0165478040000036,0.01624521266826116,0.12745670899666742,0.0015871775000000001,0.0005020684755000004
CT,-1.0829558567364934,0.0014320408809555026,0.308364936,0.008174766117127866,-0.309148795,0.617513731,8000,3.3716064340000025,0.01640387793673777,0.1280776246529337,-0.000238377,0.00042145080425000034
CT,-1.0833780458086815,0.0014237763632040325,0.346014751,0.014220243331854805,-0.313509591,0.659524342,8000,-6.6848999590000036,0.016215085920215592,0.12733846991469464,-0.001586848,-0.0008356124948750005
CT,-1.0871942500402845,0.001437712293508423,0.319677537,-0.005078226819291339,-0.329731326,0.649408863,8000,4.5999665150000055,0.016534066094603093,0.12858485950765391,6.00000000000001e-07,0.0005749958143750007
CT,-1.0716881201959592,0.0014424374620157136,0.335465249,0.017074092408232013,-0.309241572,0.644706821,8000,1.329501747000002,0.016642926028778846,0.1290074650118312,-0.0011003039999999999,0.00016618771837500023
CT,-1.1048938775834076,0.001431550100988133,0.320031424,-0.009224141275729366,-0.336822645,0.656854069,8000,3.862784608000002,0.016392636197421432,0.12803373070180152,-0.0007497985,0.00048284807600000026
CT,-1.0635452956790787,0.0014312274151914329,0.324681736,-0.0025001614471336082,-0.334819995,0.659501731,8000,-1.3051450619999976,0.016385246900050405,0.12800487061065452,-0.0009506580000000001,-0.0001631431327499997
CT,-1.0715458979871422,0.0014363730818342773,0.345219579,0.0045405932019817585,-0.331944469,0.6771640480000001,8000,-4.958478689000007,0.01650327787411458,0.12846508426072267,0.000150666,-0.0006198098361250009
CT,-1.0854084657646907,0.0014288413083264012,0.329301342,-8.707204151849179e-05,-0.321667121,0.650968463,8000,4.658551727999992,0.01633065828755484,0.1277914640637427,-9.096e-05,0.000582318965999999
CT,-1.0599056883936733,0.0014416971145095247,0.325820261,0.011075498363273805,-0.318297889,0.64411815,8000,3.663136185999999,0.016625846069310734,0.12894125045659646,-0.00019625650000000002,0.0004578920232499999
CT,-1.0696902583361307,0.001446074412711972,0.354627083,-0.0074817830956996,-0.361983426,0.716610509,8000,4.590029946,0.016726958525595095,0.12933274343952925,0.0018136615,0.0005737537432499999
CT,-1.0499375481433817,0.0014341379490568817,0.343466711,0.003911162112816771,-0.344991521,0.688458232,8000,2.9398584159999963,0.01645195650374371,0.12826518040272547,0.0010164345,0.00036748230199999953
CT,-1.0883637082504454,0.0014315872298791034,0.339826877,0.005927974172963274,-0.317310325,0.657137202,8000,-2.7756196799999935,0.016393486532026647,0.1280370514032038,-0.0022679525,-0.00034695245999999917
CT,-1.1066330738317323,0.0014403974050681881,0.360418404,0.005138003260183102,-0.312853923,0.6732723270000001,8000,-10.994656694999993,0.01659588273153283,0.12882500817594708,-0.0001880135,-0.001374332086874999
CT,-1.0663129803350082,0.0014395894480543994,0.32131376,0.007504090689875551,-0.331392281,0.6527060410000001,8000,4.379525388000001,0.016577269813817613,0.12875274682047608,-2.0889999999999998e-05,0.0005474406735000002
CT,-1.0847457259225022,0.001427780851881106,0.318261086,-0.010541249773597165,-0.368675255,0.686936341,8000,-7.837108072000005,0.016306426729825695,0.12769661988410538,0.00016311100000000002,-0.0009796385090000007
CT,-1.0900183671224677,0.0014313670731917385,0.32067219,-0.011902536491334137,-0.317118736,0.6377909260000001,8000,2.427360887000002,0.01638844477404166,0.1280173612212096,0.0006727445,0.00030342011087500025
CT,-1.0941317028319126,0.00143022163954701,0.34477072,0.005634665087333298,-0.322538131,0.667308851,8000,-3.0895242659999984,0.01636222597189007,0.12791491692484527,-0.000876619,-0.0003861905332499998
CT,-1.0726719104363232,0.0014301452360237755,0.315966901,0.013366691149831723,-0.331350089,0.64731699,8000,-1.332441242999995,0.016360477853575885,0.1279080836131004,-0.0002973985,-0.00016655515537499939
CT,-1.0686051932399327,0.001427768063627129,0.318730222,0.006244485654957757,-0.363029384,0.681759606,8000,0.1937676949999947,0.01630613462646498,0.1276954761393879,-0.0008304359999999999,2.4220961874999336e-05
CT,-1.066475651358692,0.0014353004156904747,0.319339028,-0.011349263719687603,-0.352173222,0.67151225,8000,-3.102018955999994,0.016478638178966717,0.12836914808070793,0.0002910405,-0.0003877523694999992
CT,-1.0564965573258425,0.0014327685223893844,0.317783552,0.005027218346723477,-0.328620888,0.64640444,8000,7.533264413000005,0.016420552284360127,0.12814270281354348,-0.0014774775,0.0009416580516250006
CT,-1.0775727676371065,0.0014395466763713202,0.324084214,-0.010339740368193679,-0.319436326,0.6435205399999999,8000,6.928043183999998,0.016576284772980267,0.12874892144394945,0.000294408,0.0008660053979999998
CT,-1.1158541880375648,0.001442427547140817,0.322651283,-0.00865530504927809,-0.301321613,0.6239728959999999,8000,8.682528874999997,0.01664269723277664,0.12900657825388842,0.00171773,0.0010853161093749997
CT,-1.0868618761825108,0.0014240503877601042,0.333889959,-0.0005499801348227462,-0.363375354,0.6972653129999999,8000,-3.241444184999992,0.016221328135530746,0.12736297788419815,0.0005589385,-0.00040518052312499904
CT,-1.0800804806983872,0.0014304027013911699,0.351970698,-0.005610970352958683,-0.330223707,0.682194405,8000,7.1327995740000025,0.016366369053289108,0.12793111057631412,0.000987456,0.0008915999467500003
CT,-1.067708153195295,0.0014304101329949644,0.352526242,0.003294968915708719,-0.320166792,0.6726930339999999,8000,-0.12791418899999574,0.016366539115448803,0.12793177523761953,0.0002730235,-1.5989273624999468e-05
CT,-1.068563835573947,0.0014226112515760283,0.32965484,-0.005817867633605167,-0.323271827,0.652926667,8000,-5.636070757999995,0.016188558362112603,0.12723426567600649,-0.0038969345,-0.0007045088447499994
CT,-1.102893743381143,0.001442378301454306,0.306339548,0.004757414508288124,-0.303409688,0.6097492360000001,8000,2.2012981440000035,0.016641560860885165,0.1290021738610833,0.0016137130000000001,0.0002751622680000004
CT,-1.0777223117699857,0.0014308523147651873,0.2959098,-0.018783148525809947,-0.341726156,0.637635956,8000,-0.7731426439999955,0.016376659435004493,0.12797132270553624,0.0004938035,-9.664283049999945e-05
TB,-1.2908893093553653,0.0021062481618902337,0.394996233,-0.008668191982079366,-0.408313902,0.803310135,8000,3.6366240800000016,0.03548581427440844,0.1883767880456837,0.0025503515,0.0004545780100000002
TB,-1.2892124645899459,0.0021110264199111156,0.430905755,0.00490813193085805,-0.405008457,0.835914212,8000,-1.6951904349999962,0.03564700393195638,0.18880414172352358,-0.0024398005,-0.00021189880437499952
TB,-1.2921026506340634,0.002107608604581437,0.408389536,-0.02187298037656017,-0.432339987,0.840729523,8000,-6.052003258999999,0.035531670226815595,0.18849846213382113,0.0009981025,-0.000756500407375
TB,-1.291008848087689,0.002111260275183936,0.399662294,0.0074922317538859955,-0.446440464,0.846102758,8000,-8.573490621999998,0.03565490217660843,0.18882505706766894,-0.0021536025,-0.0010716863277499997
TB,-1.3015731251754417,0.002111388057319372,0.397111929,0.004836225616425743,-0.399041469,0.796153398,8000,-3.1280472840000018,0.035659218269198385,0.18883648553496854,-0.000967964,-0.0003910059105000002
TB,-1.2888551676516848,0.002093986428383762,0.389152647,-0.00860650659963469,-0.380523834,0.7696764810000001,8000,-0.1265101580000172,0.035073848518880825,0.18728013380730169,0.000860675,-1.5813769750002148e-05
TB,-1.297994912068942,0.002117596715325426,0.454550492,-0.007414591311466362,-0.423942598,0.87849309,8000,-5.901054304999981,0.035869242574207504,0.18939177008045388,-0.001484608,-0.0007376317881249976
TB,-1.2843451655025422,0.002101917813404732,0.441389223,-0.0013038685472895684,-0.406104352,0.847493575,8000,0.8478364659999817,0.035340049895970733,0.18798949411063037,0.001343845,0.00010597955824999772
TB,-1.2784304725683715,0.002104283069367296,0.477438889,-0.00048284161091568975,-0.407191761,0.88463065,8000,2.388573562,0.03541962988097077,0.18820103581269357,0.0032345805,0.00029857169525
TB,-1.2848885590216517,0.0021120246640121804,0.391664652,0.0006486735549692891,-0.419894603,0.8115592549999999,8000,-9.597998114999996,0.035680724802984724,0.1888934218097198,-0.0025964250000000003,-0.0011997497643749994
TB,-1.2998156878724336,0.0021105242797146706,0.445229515,0.004137737920741163,-0.400571836,0.845801351,8000,1.6862774559999942,0.03563004756938577,0.1887592317461209,-0.001147405,0.00021078468199999927
TB,-1.2873972738729995,0.002102974668453134,0.434245071,0.0035083366870824473,-0.402245523,0.836490594,8000,10.459639471999994,0.035375597146788396,0.18808401619167003,0.0010101939999999998,0.0013074549339999993
TB,-1.3016069328638569,0.0021078527580173203,0.443044639,-0.0010680774758943744,-0.405317516,0.848362155,8000,3.3691177029999917,0.03553990295260031,0.18852029851610227,-0.0006827475,0.00042113971287499895
TB,-1.3021610552408143,0.002100693236297895,0.393412402,-0.00420280523840533,-0.416002266,0.8094146680000001,8000,2.050523608000004,0.03529888367214876,0.18787997145025534,-0.0012832045,0.00025631545100000054
TB,-1.2828863622983955,0.0021093475427312273,0.442275711,0.005139698116589194,-0.409319913,0.851595624,8000,-0.26352823499999056,0.035590327101154104,0.18865398776902148,-0.001230793,-3.294102937499882e-05
TB,-1.304221943062522,0.0021097220662624717,0.415451058,0.0032761840584549164,-0.394669114,0.810120172,8000,-7.482456573999978,0.03560296664780148,0.18868748407830732,-0.0021975755,-0.0009353070717499972
TB,-1.2929851548331956,0.0021155789839300046,0.405730592,0.005879243753777065,-0.430871103,0.8366016949999999,8000,0.7921054860000094,0.03580091982353325,0.1892113099778479,-0.0012709945,9.901318575000118e-05
TB,-1.3031214165131328,0.002108632522092974,0.421746687,-0.004961047032912692,-0.421932609,0.843679296,8000,-3.0932308999999782,0.035566202574712186,0.1885900383761353,0.000967096,-0.0003866538624999973
TB,-1.3004744487897795,0.0021112030851481917,0.412407878,-0.005584853545902626,-0.439058752,0.85146663,8000,0.6353168670000082,0.03565297055544721,0.18881994215507855,0.000131396,7.941460837500103e-05
TB,-1.3003568750329053,0.002102718258675941,0.423427301,0.0019805415669617156,-0.403618327,0.827045628,8000,4.705078323999995,0.03536697117887808,0.18806108363741308,0.000294182,0.0005881347904999994
TB,-1.2956642944014876,0.0021089187028936365,0.432767256,-0.004371219328562729,-0.415572708,0.848339964,8000,1.492373035999989,0.035575857225221226,0.1886156335652515,0.000680649,0.00018654662949999862
TB,-1.2849622466336605,0.0021113078594497884,0.413349575,0.012807798336731383,-0.457350708,0.870700283,8000,0.2507707619999917,0.035656509398118215,0.1888293128677807,-0.001524244,3.134634524999896e-05
TB,-1.3036347732033493,0.0021079238355732315,0.398639683,0.00748507951916268,-0.423262031,0.821901714,8000,6.802489992999998,0.035542299829725545,0.18852665548862194,0.0007787505,0.0008503112491249998
TB,-1.2917273243382523,0.0020969614717079805,0.439820607,0.005462197629046197,-0.424073287,0.863893894,8000,1.9694941710000067,0.035173582063207774,0.18754621314014253,0.0013521565,0.00024618677137500084
TB,-1.285924481673394,0.0021037207932921207,0.391566695,-0.001174638516549392,-0.428567882,0.820134577,8000,1.6729814369999891,0.035400703767860905,0.18815074745496205,-0.0006906975,0.00020912267962499865
TB,-1.3041288152935047,0.0021103273472114522,0.411380995,-0.003935536022233751,-0.421437438,0.832818433,8000,-0.14440249699999352,0.03562339861759581,0.18874161866847441,0.001860203,-1.805031212499919e-05
TB,-1.299228358952428,0.0021015550590161147,0.418117131,0.0013646213852910197,-0.41389436,0.832011491,8000,-0.843519451999998,0.035327852794943736,0.18795705039966906,-0.0037787955,-0.00010543993149999975
TB,-1.288975936193068,0.0021200355834890545,0.412167997,-0.008733359056498035,-0.400584499,0.812752496,8000,0.9746768510000003,0.03595191245120296,0.18960989544642168,0.005270194,0.00012183460637500004
TB,-1.2954288858954077,0.002118604576715491,0.424095623,0.009984676134706185,-0.423314716,0.847410339,8000,-0.14848695999999872,0.035903394334486124,0.18948191030936468,-0.0023690854999999997,-1.856086999999984e-05
TB,-1.2957586718217042,0.0020933188154654133,0.412673861,-0.003286808636476553,-0.479443721,0.892117582,8000,4.855844869000001,0.035051487321788984,0.18722042442476458,0.0005950045,0.0006069806086250001
TB,-1.2829745442538802,0.002106516214396791,0.392083635,-0.002177390347796253,-0.448621678,0.840705313,8000,3.559329394000013,0.035494847081571176,0.18840076189222585,-0.0003331815,0.00044491617425000164
TB,-1.3000425435132033,0.002102815466538836,0.420729623,-0.0071047091143630935,-0.401486268,0.8222158909999999,8000,1.2796383520000063,0.035370241257633224,0.18806977762956287,0.0006006585,0.00015995479400000078
TB,-1.2868459856494867,0.0021074237999545863,0.407462036,-0.010261134527655397,-0.408637259,0.816099295,8000,-2.7204444679999993,0.03552543934584761,0.18848193373861488,0.0033556554999999997,-0.0003400555584999999
TB,-1.2987965876918885,0.002107967464884548,0.394845551,-0.0018602771781638468,-0.392391392,0.787236943,8000,1.399092704000013,0.035543771137261294,0.18853055756895562,-0.001540194,0.00017488658800000163
TB,-1.3021004915465602,0.002101037514058208,0.397738756,0.00185940361930532,-0.414182889,0.811921645,8000,-5.801999258000002,0.03531045472520369,0.18791076266463208,-0.0019886829999999998,-0.0007252499072500002
TB,-1.2889580689249622,0.0021134109308223567,0.39165514,-0.0039845365417880835,-0.41753665,0.8091917900000001,8000,3.0717037899999973,0.03572757959439284,0.18901740553291077,-0.0021046075000000003,0.00038396297374999964
TB,-1.2889178566589614,0.0021168425352444623,0.406580245,-0.004005295128699539,-0.437748047,0.8443282919999999,8000,-6.088909664000003,0.0358436975298426,0.18932431837944802,0.0006883805,-0.0007611137080000003
TB,-1.2806552773112254,0.002107790577719903,0.391340223,0.0064979636359161,-0.396487361,0.787827584,8000,3.7891672419999995,0.03553780617507891,0.18851473728883614,-0.000167274,0.00047364590524999993
TB,-1.293001022006802,0.002103216817204418,0.402879613,0.011205311900387526,-0.452125892,0.855005505,8000,3.9801399009999927,0.03538374432039169,0.18810567328071656,-0.0010368895,0.0004975174876249991
TB,-1.313758477190093,0.0021140795230647387,0.417885853,0.008496208151284433,-0.426740897,0.84462675,8000,-12.144986696999995,0.035750188506503223,0.1890772025033775,-0.0023160755,-0.0015181233371249993
TB,-1.304675671997114,0.002116320813911358,0.391682523,0.010097688291191313,-0.413642819,0.8053253419999999,8000,5.629283734000003,0.03582603148536809,0.18927765712140482,-0.000146521,0.0007036604667500004
TB,-1.3017300526557256,0.0021099710065059997,0.445888864,-0.0013745288594964058,-0.420336649,0.8662255130000001,8000,-0.7215628260000098,0.03561136920871924,0.18870974857892012,-0.001548594,-9.019535325000122e-05
TB,-1.2857694250572043,0.0021026863288725883,0.403254086,0.002775178388444091,-0.442578447,0.845832533,8000,-3.801420571999993,0.03536589709122384,0.18805822792747953,-0.0013492155000000001,-0.0004751775714999991
TB,-1.2882143665029697,0.0021070740989706798,0.423652545,-0.004507142153163797,-0.444143522,0.867796067,8000,-1.1161333399999949,0.03551365030716627,0.18845065748669138,0.0017301740000000001,-0.00013951666749999935
TB,-1.2957479044628222,0.0021088471405551804,0.413471228,-0.006272283351732731,-0.417165822,0.83063705,8000,0.11691181200000589,0.03557344286155986,0.18860923323517292,0.000826204,1.4613976500000735e-05
TB,-1.3009149752910218,0.002105795667420773,0.395228155,0.004352483733140871,-0.390832207,0.786060362,8000,-7.298965300000013,0.035470568768031854,0.18833631823955743,-0.0021134854999999998,-0.0009123706625000016
TB,-1.2864301832844507,0.0021103473779042724,0.42036022,0.004840469317924455,-0.414169502,0.8345297220000001,8000,6.382075173,0.03562407487736408,0.18874341015612725,-9.8775e-05,0.000797759396625
TB,-1.2987666508605424,0.0021198943994504647,0.417653073,-0.002652918683787649,-0.406380325,0.824033398,8000,-4.095273975000007,0.03594712416630675,0.18959726835138407,-0.000818173,-0.0005119092468750009
TB,-1.2955326734422528,0.002107125786690917,0.423890094,0.0014659149979398347,-0.410073484,0.833963578,8000,7.1445791310000155,0.03551539266842159,0.18845528028798128,0.0003025175,0.0008930723913750019
TB,-1.2973944529907617,0.0021074155348243676,0.414150316,0.006886102025790932,-0.405386029,0.8195363449999999,8000,2.3442497390000043,0.035525160691116185,0.18848119452909934,-0.0015921265,0.00029303121737500056
BE,-0.6110911160692347,0.0009278641252548037,0.244334031,0.01348585903155299,-0.232121389,0.47645542,8000,-1.9393458280000004,0.006886593747643962,0.08298550323787862,-0.0004720335,-0.00024241822850000006
BE,-0.6097100467872321,0.0009338350211981839,0.276679689,0.011320812331354168,-0.273605219,0.5502849080000001,8000,-6.635386430999997,0.006975510726682885,0.08351952302715147,-0.0021781155,-0.0008294233038749996
BE,-0.6093764368611319,0.0009305494045515672,0.229265469,-0.0065317878645046006,-0.28706137,0.516326839,8000,-6.2375449679999955,0.006926511632295899,0.0832256669080873,-0.000286619,-0.0007796931209999994
BE,-0.6014650059309772,0.0009230193306341815,0.277608769,-0.008436391993904876,-0.25592429,0.533533059,8000,-5.419526089999997,0.006814865513110254,0.08255219871760082,-0.000641438,-0.0006774407612499996
BE,-0.5743928487617476,0.0009149246505756079,0.244821256,0.008806677702231511,-0.283810765,0.528632021,8000,0.9196120990000038,0.0066958598427309555,0.08182823377496887,0.00019518349999999999,0.00011495151237500048
BE,-0.6090484822364184,0.0009285879665632348,0.293078233,-0.004023099988144768,-0.239296467,0.5323747000000001,8000,-1.932839401999998,0.006897342617556701,0.08305024152617921,-0.0009291385,-0.00024160492524999974
BE,-0.5970544779917479,0.0009212777621753179,0.240938915,-0.01183594425433599,-0.257210361,0.49814927600000003,8000,-1.4661960800000025,0.006789172967915014,0.08239643783510919,-0.0004016855,-0.0001832745100000003
BE,-0.606391707653783,0.0009211618528489575,0.248208985,-0.018250163095184978,-0.26718898,0.515397965,8000,5.609161046000003,0.006787464733993852,0.08238607123776356,0.001941966,0.0007011451307500004
BE,-0.6170753468171366,0.0009236191624683603,0.240222267,-0.021899005760611483,-0.2466654,0.48688766699999997,8000,1.533886405000001,0.006823725785872764,0.08260584595458582,-6.06e-05,0.00019173580062500011
BE,-0.5779346410651094,0.00091968834219139,0.248391456,0.020970995999263217,-0.245304545,0.493696001,8000,2.0372042370000054,0.006765767347455215,0.08225428467536032,0.000440642,0.0002546505296250007
BE,-0.5498315484107965,0.0009316578230537187,0.251024215,0.013686971097417178,-0.250804919,0.5018291340000001,8000,1.7085158950000032,0.006943022407758299,0.08332480067637905,0.00046367450000000003,0.0002135644868750004
BE,-0.5700442577160993,0.0009267057012988371,0.263255834,0.004807947154805044,-0.260255095,0.523510929,8000,0.2415714710000032,0.006869408871101337,0.08288189712537555,0.00044885650000000003,3.01964338750004e-05
BE,-0.5744189259347237,0.0009379978332920966,0.293368199,0.03184432272089207,-0.264301872,0.557670071,8000,3.5540883190000048,0.007037839642150082,0.08389183298837904,-0.0004046275,0.0004442610398750006
BE,-0.6457051816359973,0.0009305255266475853,0.241835888,-0.015818258448122,-0.242606238,0.48444212600000003,8000,2.362307391,0.006926156168186386,0.08322353133691447,0.0013438769999999998,0.000295288423875
BE,-0.6099903993361839,0.0009215987039464416,0.259794073,-0.0033668475306121637,-0.241134489,0.500928562,8000,11.112892972999996,0.006793904024754973,0.08242514194561616,0.0004671775,0.0013891116216249995
BE,-0.630045521411001,0.000926927320953267,0.295114921,-0.01253726309407696,-0.251349572,0.546464493,8000,-1.5115491620000068,0.006872694872378478,0.08290171815094352,0.000792926,-0.00018894364525000085
BE,-0.5776501537707635,0.0009266337302391378,0.250488715,-0.020010303149864576,-0.250081358,0.500570073,8000,-5.3603518700000015,0.006868341910065176,0.08287546024044257,-0.0005039695,-0.0006700439837500001
BE,-0.5554399322793961,0.0009259602132443435,0.27095262,0.00010491709662419325,-0.244459976,0.515412596,8000,-5.0160412590000005,0.006858361129775569,0.08281522281426024,-0.0007215365,-0.0006270051573750001
BE,-0.6247446393263081,0.0009207723074321355,0.264327249,0.04172502705528695,-0.256379513,0.520706762,8000,0.0923280480000046,0.0067817253154290585,0.08235123141416319,-0.0010053145,1.1541006000000576e-05
BE,-0.6094524223001767,0.0009280741570125947,0.253784163,0.000458896762915338,-0.251134734,0.504918897,8000,-9.242675070999994,0.006889711805676192,0.08300428787524287,-0.0025068795,-0.0011553343838749991
BE,-0.5829409732724935,0.0009278522381251337,0.262517313,-0.010342785730653375,-0.259082981,0.521600294,8000,-7.179245167999994,0.006886417296574767,0.0829844400871318,-0.0009739390000000001,-0.0008974056459999993
BE,-0.5770307751868442,0.0009287970220153255,0.272877656,0.021970235504627157,-0.262698006,0.5355756620000001,8000,-0.6056353049999956,0.006900448600928192,0.08306893884556485,-0.0003135015,-7.570441312499945e-05
BE,-0.6326061482877643,0.0009285946285178902,0.237007686,0.007984178387148093,-0.227418089,0.464425775,8000,2.4936850219999993,0.006897441584914116,0.08305083735227548,-0.0002011785,0.0003117106277499999
BE,-0.6090303540399566,0.000930795309020146,0.25737697,0.033640355779430205,-0.2459276,0.50330457,8000,4.239416377999999,0.006930172878443977,0.08324765989770509,-0.0007653779999999999,0.0005299270472499998
BE,-0.5308269582885186,0.0009355794402803867,0.255241059,-0.00533801626487488,-0.247994851,0.50323591,8000,-2.631320091999998,0.007001595803713817,0.08367553886120971,0.0006318055,-0.00032891501149999973
BE,-0.5834183701482409,0.0009291202639402149,0.271017059,0.0008679070534453028,-0.283682225,0.554699284,8000,-11.321762464999997,0.0069052524544498135,0.08309784867522031,-0.0012002555,-0.0014152203081249997
BE,-0.6298029144274206,0.0009334597933696703,0.249148121,-0.0008917372685267258,-0.243946151,0.493094272,8000,3.314797883000005,0.006969906139516144,0.08348596372754012,-0.000130529,0.00041434973537500064
BE,-0.6299053578194544,0.0009224765722337475,0.24899765,-0.00143909933706625,-0.287300008,0.536297658,8000,-3.5089279870000003,0.006806853247534674,0.08250365596465815,-0.001137255,-0.000438615998375
BE,-0.6420643918403739,0.0009350461859390685,0.247421448,-0.010942655037985007,-0.290910141,0.538331589,8000,5.901969519999995,0.0069936166473437535,0.08362784612402589,0.0001645385,0.0007377461899999994
BE,-0.6297282025758686,0.0009273916326826438,0.254584426,-0.010042513640017424,-0.239973998,0.49455842399999994,8000,4.784141095000003,0.006879581867717868,0.08294324485886641,0.000211447,0.0005980176368750004
BE,-0.61315413603517,0.0009354722853938735,0.246031925,0.009301024978642517,-0.281293892,0.527325817,8000,-3.6087563469999995,0.006999992065523554,0.08366595523582787,-0.0011900685,-0.0004510945433749999
BE,-0.6072636114206662,0.0009266656747738483,0.261199396,0.008688260560217754,-0.277562297,0.538761693,8000,-0.3681931860000054,0.006868815473159769,0.0828783172679065,9.347199999999999e-05,-4.602414825000067e-05
BE,-0.5969575914071399,0.0009268982719655751,0.254879358,-0.002954779894608606,-0.263428347,0.518307705,8000,-4.128410505000001,0.006872264112175583,0.08289912009289112,0.0001436885,-0.0005160513131250001
BE,-0.5882772749152863,0.0009272115669409151,0.256763535,-0.010965149883632954,-0.25718464,0.513948175,8000,6.8015296579999935,0.006876910597662347,0.08292714029593898,0.00079679,0.0008501912072499992
BE,-0.6334354788283671,0.0009307360581249963,0.237768589,-0.00845495143406162,-0.271771512,0.509540101,8000,-1.1437517260000027,0.006929290609542558,0.08324236066776673,4.685e-05,-0.00014296896575000033
BE,-0.5921309576702396,0.0009186550299335813,0.274682042,0.003075974420243823,-0.259571112,0.534253154,8000,4.238391951000004,0.006750572585114133,0.08216186819391422,0.00016726399999999998,0.0005297989938750005
BE,-0.594202254712711,0.0009271129585970331,0.251415539,-0.041497573780829,-0.248458889,0.49987442800000004,8000,6.110089834999999,0.006875447965550354,0.08291832104879086,0.002465955,0.000763761229375
BE,-0.6480581181739895,0.000930382480521608,0.23877342,0.003777281873147858,-0.235563875,0.474337295,8000,-2.538463154000005,0.006924026868932261,0.08321073770212749,-0.0009436155,-0.0003173078942500006
BE,-0.6128386186434343,0.0009295515186760038,0.270716943,0.014897021812433936,-0.248256226,0.518973169,8000,1.4546534799999988,0.006911664140957049,0.08313641886055141,7.62e-05,0.00018183168499999987
BE,-0.615710377414993,0.0009261546501418372,0.250530981,0.022087221112199795,-0.244431997,0.494962978,8000,8.629236873,0.006861241725398813,0.08283261269209617,0.001576336,0.001078654609125
BE,-0.6251560337809434,0.0009295001725227347,0.247538908,-0.012785332789214862,-0.254544086,0.502082994,8000,-0.40321536899999644,0.006910900595187629,0.0831318266080304,0.001605849,-5.040192112499955e-05
BE,-0.6139169686444248,0.0009241475046876325,0.239285548,-0.01545541876301763,-0.255124345,0.49440989299999993,8000,5.311480848999996,0.006831534834752601,0.08265309936567776,0.0004251445,0.0006639351061249995
BE,-0.5746644849292624,0.000940306887842268,0.234456837,-0.010244578774091016,-0.267367968,0.501824805,8000,4.252551185000001,0.007072532169545571,0.08409834819748585,-9.334999999999999e-05,0.0005315688981250001
BE,-0.6048561393673175,0.0009295198400233706,0.291402162,0.02610546440095152,-0.247123892,0.5385260540000001,8000,2.7069754209999957,0.006911193056843585,0.08313358561281707,-0.000178162,0.00033837192762499945
BE,-0.5728859759210243,0.000919690887320536,0.243634102,0.005297896262610058,-0.269746107,0.513380209,8000,-0.800442857000002,0.006765804794435259,0.08225451230440345,0.000546433,-0.00010005535712500024
BE,-0.5732381766834589,0.0009199009605184892,0.287850685,-0.0002478230047051319,-0.242611702,0.530462387,8000,-0.9036598849999997,0.0067688959995255505,0.08227330064805684,0.00051958,-0.00011295748562499997
BE,-0.6447695551236987,0.0009244870074376812,0.298724766,0.009372274724091433,-0.257138294,0.55586306,8000,-4.483197374000004,0.006836555139141714,0.08268346351684666,-0.0011303799999999998,-0.0005603996717500005
BE,-0.6295983202887738,0.0009269741869524748,0.237862558,0.004264505956406905,-0.259692294,0.497554852,8000,-1.6181126529999972,0.006873389865066338,0.08290590971134891,-0.0009618945,-0.00020226408162499966
BE,-0.6461438694794888,0.0009219310588297395,0.247905341,-0.03230815673874274,-0.276218043,0.524123384,8000,-5.134197532,0.006798805061002163,0.08245486681210615,-3.93e-05,-0.0006417746915
BE,-0.6582917630233092,0.0009288713591880352,0.225916268,-0.005689538074226108,-0.25446194,0.480378208,8000,2.6232509290000054,0.006901553213356704,0.08307558734885179,-0.0002455445,0.0003279063661250007
AD,0.4460550119651696,0.0025402293295620246,0.621968143,-0.00075721484810682,-0.621493474,1.243461617,8000,-7.2086556869999985,0.051615667609090296,0.22719081761614024,-0.0022300725,-0.0009010819608749998
AD,0.47124565984419764,0.002555949469694733,0.681993681,0.010173328118682948,-0.650884924,1.3328786049999999,8000,-12.720275376999997,0.05225648865537064,0.22859678181324128,-0.002054203,-0.0015900344221249996
AD,0.4446455492570438,0.002551328611232726,0.654498077,0.004422073527123411,-0.658317113,1.3128151899999998,8000,0.7089243010000086,0.052067712182275204,0.22818350550001462,-0.0012052265,8.861553762500107e-05
AD,0.44179834355286607,0.002537984064974861,0.661057272,-0.0041286907914800264,-0.687919561,1.348976833,8000,6.795716960000006,0.05152446354941651,0.22699000759816831,0.0014370675,0.0008494646200000007
AD,0.44400568176018496,0.0025479886303494096,0.665372931,0.008716095815569024,-0.647223175,1.312596106,8000,-0.16639333799999356,0.051931476237058495,0.22788478719971303,0.0007721055,-2.0799167249999195e-05
AD,0.4421812006194683,0.0025428387317309284,0.632228535,-0.019576711113168253,-0.650935248,1.283163783,8000,2.6484225070000087,0.05172176449591206,0.22742419505389497,-0.00044685600000000003,0.00033105281337500106
AD,0.4409120851537103,0.002542473763845335,0.647266036,0.012941753801621077,-0.634314059,1.281580095,8000,-4.074051213000002,0.051706918545895084,0.2273915533741196,-0.0008140485,-0.0005092564016250003
AD,0.44459620523095733,0.002540251376470531,0.626887192,0.012397711078781232,-0.662130606,1.289017798,8000,0.7355152949999995,0.05161656356822777,0.227192789428335,0.0006416305,9.193941187499993e-05
AD,0.4795338376750671,0.0025514179872531515,0.64869163,-0.003044828776829144,-0.646356479,1.2950481090000001,8000,5.336275113000008,0.052071360231685695,0.22819149903466102,0.001124983,0.000667034389125001
AD,0.44043978603974,0.00254212670287098,0.669542877,0.00968840303828592,-0.633116889,1.302659766,8000,-3.1600742659999996,0.051692802979424,0.22736051323707027,-0.0018673650000000002,-0.00039500928324999994
AD,0.4916779451075337,0.0025519646562398796,0.623979005,-0.01103141069118409,-0.666345801,1.290324806,8000,-4.1107727349999905,0.052093676329973505,0.22824039153921355,0.0003130605,-0.0005138465918749989
AD,0.49043797951784684,0.0025529405925647564,0.634390405,0.0005019316123658426,-0.624881747,1.2592721519999999,8000,-1.090138011999998,0.05213352784764997,0.22832767648195865,-0.0004979625,-0.00013626725149999973
AD,0.49591598743669785,0.002551864116820119,0.657884748,0.007439450346522192,-0.669004517,1.326889265,8000,1.3042022740000032,0.0520895717552423,0.22823139958218347,0.001085003,0.0001630252842500004
AD,0.4590865552185055,0.002542982301822974,0.6321747,-0.01059201622369911,-0.658092843,1.2902675430000001,8000,1.9357573520000106,0.051727605140091566,0.2274370355507026,0.001309637,0.00024196966900000134
AD,0.44458555343033757,0.002546036853980696,0.657773511,0.008506946021493957,-0.634852584,1.2926260950000001,8000,3.3227410860000086,0.05185194699096154,0.22771022592532278,-0.00012884650000000001,0.00041534263575000106
AD,0.4699152577544945,0.00254048721478274,0.638988699,0.010321976708175109,-0.665039571,1.3040282699999999,8000,-2.919465771000003,0.051626148232508044,0.2272138821298295,-0.001128526,-0.0003649332213750004
AD,0.4522303162832526,0.0025414470938041034,0.618720348,-0.001963016541133222,-0.643562721,1.262283069,8000,-2.5550948110000093,0.051665167691511985,0.2272997309534527,0.0002162105,-0.00031938685137500116
AD,0.4728601276937585,0.002546559471864041,0.638367497,-0.015805696641632058,-0.646638922,1.285006419,8000,4.291333490000012,0.05187323618477997,0.22775696736824533,0.00096033,0.0005364166862500015
AD,0.45511386105554985,0.002555382142532295,0.65439539,0.02075916147174098,-0.665346412,1.319741802,8000,-1.5536868039999931,0.052233293177089184,0.228546041700768,-0.0026425295,-0.00019421085049999915
AD,0.4707334800952525,0.002551338746522896,0.667007866,0.015858791008858546,-0.645127725,1.312135591,8000,2.231820560999992,0.05206812586667267,0.2281844119712665,-0.000203068,0.00027897757012499905
AD,0.47322537858634695,0.0025411445725146728,0.645879697,0.0012347389015440612,-0.631687639,1.2775673360000002,8000,5.679930810999993,0.051652868491627806,0.22727267431793863,-0.00010794299999999999,0.0007099913513749992
AD,0.47196437923369006,0.0025427145001442257,0.628087031,0.011951394682030825,-0.637009804,1.265096835,8000,-9.226138585000006,0.051716710836920365,0.22741308413747957,-0.002221251,-0.0011532673231250009
AD,0.463005819308822,0.0025512940822042,0.637695012,-0.0014446656444765422,-0.650043935,1.287738947,8000,-3.374052560999993,0.052066302849627474,0.2281804173228445,-0.0021303135,-0.0004217565701249991
AD,0.4635262433290115,0.0025408636877368262,0.642988852,0.003183178693132277,-0.655580094,1.298568946,8000,1.4684658440000016,0.051641450248997,0.22724755278989694,-0.0010605865,0.0001835582305000002
AD,0.46685393311247836,0.0025427587870131725,0.666356424,0.023245408571484216,-0.62940046,1.295756884,8000,-6.116192000000014,0.051718512369212676,0.22741704502787974,0.00015644200000000002,-0.0007645240000000018
AD,0.4528953915842133,0.00254965735127579,0.655965909,0.013621802187869299,-0.631292891,1.2872588,8000,5.830272770999995,0.051999520118708516,0.22803403280806248,-0.0017043725000000002,0.0007287840963749995
AD,0.5152659885688151,0.0025412477510003252,0.671806546,0.01047110191861443,-0.641167445,1.312973991,8000,-0.03759164500000578,0.05165706311558172,0.22728190230544473,0.000648382,-4.698955625000722e-06
AD,0.4745318713160711,0.0025503822045455067,0.635205298,-0.020066710296121094,-0.642194894,1.277400192,8000,2.110928901999988,0.05202909066470994,0.22809886160327486,0.002212949,0.0002638661127499985
AD,0.45526575292406246,0.0025388333265696996,0.656593319,0.0016327654058419453,-0.601693134,1.258286453,8000,6.681843128999997,0.05155895160614764,0.22706596311677282,0.0004224415,0.0008352303911249996
AD,0.46104321330923836,0.0025434958340263434,0.640249123,-0.03487624856837617,-0.644870347,1.2851194700000002,8000,-8.293152075,0.051748499090617225,0.22748296439649546,-0.000621641,-0.001036644009375
AD,0.4478128559616854,0.0025483950666900217,0.647461133,-0.011867606136205392,-0.625383669,1.2728448019999998,8000,1.4960769629999962,0.05194804501002439,0.2279211376990392,0.0006738715,0.00018700962037499952
AD,0.4666905024897101,0.002539542022249072,0.675342087,-6.200268284252133e-05,-0.645591923,1.32093401,8000,-5.795533466000014,0.051587740188468484,0.22712934682349722,-0.0008469965,-0.0007244416832500018
AD,0.4737936373078111,0.002548640873499456,0.629451684,0.01036712584944513,-0.634906848,1.264358532,8000,0.49314948900000033,0.05195806684627449,0.22794312195430352,-0.0012858645,6.164368612500004e-05
AD,0.4535961465445171,0.002547517784028553,0.690001332,0.021817454058927155,-0.624581889,1.314583221,8000,1.1342903869999934,0.05191228503267406,0.22784267605669062,0.0008839465,0.0001417862983749992
AD,0.46698314185685597,0.002547639593970892,0.653660368,0.011431170275106425,-0.649948809,1.303609177,8000,0.3305152259999824,0.0519172495386446,0.22785357038818724,0.000415915,4.13144032499978e-05
AD,0.45869573792374796,0.002557443541978513,0.678815208,-0.009575813836389549,-0.635847118,1.314662326,8000,4.796399392000005,0.05231759924579039,0.2287304073484555,8.7505e-05,0.0005995499240000006
AD,0.46197943713935397,0.0025376857198100705,0.630336117,-0.029664236466157463,-0.672068519,1.302404636,8000,0.3707208169999965,0.051512350651411125,0.22696332446325138,-0.0008002115000000001,4.634010212499956e-05
AD,0.48633117629641065,0.0025483176866355887,0.69081983,0.018840008956660742,-0.648602803,1.3394226329999999,8000,5.41476883999999,0.051944890333126055,0.2279142170491478,-0.001336797,0.0006768461049999988
AD,0.4496694160720893,0.002552885754607117,0.676747296,-1.2520977839650638e-05,-0.640368239,1.3171155350000001,8000,-0.1021167629999935,0.05213128818293153,0.22832277193248054,-0.0008385549999999999,-1.2764595374999188e-05
AD,0.49093849820962143,0.0025454041965961645,0.638899389,0.0023879982032805375,-0.647899793,1.286799182,8000,-5.209633138999993,0.05182618110987089,0.2276536428653644,-0.0014975765,-0.0006512041423749991
AD,0.48165007024114503,0.0025456136006846986,0.665322367,-0.0017578511333400286,-0.636951499,1.3022738660000002,8000,0.22022225800001305,0.05183470868332334,0.22767237136579252,-0.0010626605000000002,2.752778225000163e-05
AD,0.4690446779871196,0.00253516690129466,0.629189621,0.011286747395987302,-0.697043279,1.3262329,8000,1.2039387660000131,0.05141014266814233,0.22673804856737725,-0.00097517,0.00015049234575000164
AD,0.45860376045575046,0.0025496950076833477,0.677443204,0.0002094002952861244,-0.657978661,1.335421865,8000,-5.431263630000008,0.05200105611301089,0.22803740068903366,-0.000744722,-0.000678907953750001
AD,0.43776036371115,0.00255483322980926,0.636772111,-0.013062274735361604,-0.671668853,1.3084409639999999,8000,1.3318715169999993,0.05221085548426879,0.22849694852288244,0.0020195275,0.00016648393962499992
AD,0.4732532677091412,0.002551264027062262,0.625154458,0.0027295728440641996,-0.652482962,1.27763742,8000,-6.894241846000007,0.05206507613811982,0.22817772927724525,-0.001982184,-0.0008617802307500008
AD,0.45981183808344195,0.0025468619514898345,0.617183748,-0.00997878361311701,-0.635554108,1.252737856,8000,0.8340036520000109,0.051885559893772935,0.22778402027748332,0.002332874,0.00010425045650000136
AD,0.45452366249242937,0.0025574448875113295,0.645447572,-0.0007996591225854928,-0.633785934,1.2792335060000002,8000,2.9608501089999946,0.05231765429691004,0.2287305276890473,0.000225555,0.0003701062636249993
AD,0.46563313313736154,0.002533284346292351,0.626955962,0.01837752916143201,-0.62061443,1.247570392,8000,0.5512627369999916,0.051333819103779744,0.22656967825324673,-0.0009109999999999999,6.890784212499895e-05
AD,0.4623135949702224,0.002543509302858659,0.643055587,-0.015071802707114041,-0.639849338,1.282904925,8000,-10.201441351000005,0.051749047150254614,0.22748416901018545,-0.0011434135,-0.0012751801688750007
AD,0.46419281212557584,0.0025457712739590543,0.677440917,0.01066629266623518,-0.64249485,1.319935767,8000,-0.22389735000000233,0.05184113008314154,0.22768647321073235,-0.0016776080000000001,-2.798716875000029e-05
